[
  {
    "id": "P001",
    "nome": "Entrada Vila Rural, Palmas PR",
    "coordenadas": {
      "lat": -26.476884,
      "lng": -51.991917
    },
    "horarioPrevisto": ""
  },
  {
    "id": "P002",
    "nome": "R. Jose Alessi, Palmas PR",
    "coordenadas": {
      "lat": -26.476884,
      "lng": -51.991917
    },
    "horarioPrevisto": ""
  },
  {
    "id": "P003",
    "nome": "R. Pedro Nito, Palmas PR",
    "coordenadas": {
      "lat": -26.476884,
      "lng": -51.991917
    },
    "horarioPrevisto": ""
  },
  {
    "id": "P004",
    "nome": "R. Tertuliano de Almeida, Palmas PR",
    "coordenadas": {
      "lat": -26.476884,
      "lng": -51.991917
    },
    "horarioPrevisto": ""
  },
  {
    "id": "P005",
    "nome": "R. Jose Fortunato, Palmas PR",
    "coordenadas": {
      "lat": -26.476884,
      "lng": -51.991917
    },
    "horarioPrevisto": ""
  },
  {
    "id": "P006",
    "nome": "R. Conceição de Alencar Lima, Palmas PR",
    "coordenadas": {
      "lat": -26.476884,
      "lng": -51.991917
    },
    "horarioPrevisto": ""
  },
  {
    "id": "P007",
    "nome": "R. Cel. Jose Osorio, Palmas PR",
    "coordenadas": {
      "lat": -26.476884,
      "lng": -51.991917
    },
    "horarioPrevisto": ""
  },
  {
    "id": "P008",
    "nome": "R. Expedicionario Palmense, Palmas PR",
    "coordenadas": {
      "lat": -26.476884,
      "lng": -51.991917
    },
    "horarioPrevisto": ""
  },
  {
    "id": "P009",
    "nome": "R. Bispo Dom Carlos, Palmas PR",
    "coordenadas": {
      "lat": -26.476884,
      "lng": -51.991917
    },
    "horarioPrevisto": ""
  },
  {
    "id": "P010",
    "nome": "R. 7 de Setembro, Palmas PR",
    "coordenadas": {
      "lat": -26.491865,
      "lng": -51.998886
    },
    "horarioPrevisto": ""
  },
  {
    "id": "P011",
    "nome": "R. Rafael Ribas, Palmas PR",
    "coordenadas": {
      "lat": -26.476884,
      "lng": -51.991917
    },
    "horarioPrevisto": ""
  },
  {
    "id": "P012",
    "nome": "R. Siegmun Knolseisen, Palmas PR",
    "coordenadas": {
      "lat": -26.476884,
      "lng": -51.991917
    },
    "horarioPrevisto": ""
  },
  {
    "id": "P013",
    "nome": "R. Jose Joaquim Bahls, Palmas PR",
    "coordenadas": {
      "lat": -26.476884,
      "lng": -51.991917
    },
    "horarioPrevisto": ""
  },
  {
    "id": "P014",
    "nome": "R. Marechal Deodoro, Palmas PR",
    "coordenadas": {
      "lat": -26.476884,
      "lng": -51.991917
    },
    "horarioPrevisto": ""
  },
  {
    "id": "P015",
    "nome": "Av. Constantino Fabricio da Silva Pinto, Palmas PR",
    "coordenadas": {
      "lat": -26.476884,
      "lng": -51.991917
    },
    "horarioPrevisto": ""
  },
  {
    "id": "P016",
    "nome": "R. Prof. Henrique Jose Berhost, Palmas PR",
    "coordenadas": {
      "lat": -26.476884,
      "lng": -51.991917
    },
    "horarioPrevisto": ""
  },
  {
    "id": "P017",
    "nome": "R. Felipe Shell Loureiro, Palmas PR",
    "coordenadas": {
      "lat": -26.476884,
      "lng": -51.991917
    },
    "horarioPrevisto": ""
  },
  {
    "id": "P018",
    "nome": "Av. Bento Munhoz da Rocha Neto, Palmas PR",
    "coordenadas": {
      "lat": -26.476884,
      "lng": -51.991917
    },
    "horarioPrevisto": ""
  },
  {
    "id": "P019",
    "nome": "R. Dr. Bernardo Ribeiro Viana, Palmas PR",
    "coordenadas": {
      "lat": -26.476884,
      "lng": -51.991917
    },
    "horarioPrevisto": ""
  },
  {
    "id": "P020",
    "nome": "R. Dr. Bezerra de Menezes, Palmas PR",
    "coordenadas": {
      "lat": -26.476884,
      "lng": -51.991917
    },
    "horarioPrevisto": ""
  },
  {
    "id": "P021",
    "nome": "Terminal Rodoviário, Palmas PR",
    "coordenadas": {
      "lat": -26.476884,
      "lng": -51.991917
    },
    "horarioPrevisto": ""
  },
  {
    "id": "P022",
    "nome": "Av. Marechal Deodoro, Palmas PR",
    "coordenadas": {
      "lat": -26.476884,
      "lng": -51.991917
    },
    "horarioPrevisto": ""
  },
  {
    "id": "P023",
    "nome": "Av. Coronel Jose Osorio, Palmas PR",
    "coordenadas": {
      "lat": -26.476884,
      "lng": -51.991917
    },
    "horarioPrevisto": ""
  }
]