[
  {
    "lat": -26.496997,
    "lng": -51.986463
  },
  {
    "lat": -26.496707,
    "lng": -51.986374
  },
  {
    "lat": -26.49571,
    "lng": -51.986107
  },
  {
    "lat": -26.495276,
    "lng": -51.985987
  },
  {
    "lat": -26.495188,
    "lng": -51.98596
  },
  {
    "lat": -26.495007,
    "lng": -51.986629
  },
  {
    "lat": -26.494943,
    "lng": -51.986806
  },
  {
    "lat": -26.49466,
    "lng": -51.987289
  },
  {
    "lat": -26.49445,
    "lng": -51.987521
  },
  {
    "lat": -26.494313,
    "lng": -51.987618
  },
  {
    "lat": -26.494093,
    "lng": -51.987736
  },
  {
    "lat": -26.493814,
    "lng": -51.987837
  },
  {
    "lat": -26.493533,
    "lng": -51.987905
  },
  {
    "lat": -26.493338,
    "lng": -51.987927
  },
  {
    "lat": -26.493329,
    "lng": -51.988053
  },
  {
    "lat": -26.49322,
    "lng": -51.988753
  },
  {
    "lat": -26.493034,
    "lng": -51.989777
  },
  {
    "lat": -26.492821,
    "lng": -51.990958
  },
  {
    "lat": -26.492605,
    "lng": -51.992156
  },
  {
    "lat": -26.492393,
    "lng": -51.993339
  },
  {
    "lat": -26.492146,
    "lng": -51.994734
  },
  {
    "lat": -26.49191,
    "lng": -51.996033
  },
  {
    "lat": -26.491693,
    "lng": -51.997243
  },
  {
    "lat": -26.491404,
    "lng": -51.998777
  },
  {
    "lat": -26.491867,
    "lng": -51.998875
  },
  {
    "lat": -26.491404,
    "lng": -51.998777
  },
  {
    "lat": -26.490376,
    "lng": -51.998522
  },
  {
    "lat": -26.489859,
    "lng": -51.998424
  },
  {
    "lat": -26.489731,
    "lng": -51.998394
  },
  {
    "lat": -26.489601,
    "lng": -51.998365
  },
  {
    "lat": -26.489463,
    "lng": -51.998333
  },
  {
    "lat": -26.489248,
    "lng": -51.998285
  },
  {
    "lat": -26.48852,
    "lng": -51.998119
  },
  {
    "lat": -26.488206,
    "lng": -51.998048
  },
  {
    "lat": -26.487791,
    "lng": -51.997936
  },
  {
    "lat": -26.487193,
    "lng": -51.997804
  },
  {
    "lat": -26.48609,
    "lng": -51.99754
  },
  {
    "lat": -26.48523,
    "lng": -51.99734
  },
  {
    "lat": -26.484994,
    "lng": -51.99728
  },
  {
    "lat": -26.484181,
    "lng": -51.997068
  },
  {
    "lat": -26.48411,
    "lng": -51.997052
  },
  {
    "lat": -26.483347,
    "lng": -51.996863
  },
  {
    "lat": -26.482531,
    "lng": -51.996659
  },
  {
    "lat": -26.481714,
    "lng": -51.996463
  },
  {
    "lat": -26.481306,
    "lng": -51.996365
  },
  {
    "lat": -26.481251,
    "lng": -51.99635
  },
  {
    "lat": -26.480929,
    "lng": -51.996266
  },
  {
    "lat": -26.480793,
    "lng": -51.996229
  },
  {
    "lat": -26.480244,
    "lng": -51.996079
  },
  {
    "lat": -26.479388,
    "lng": -51.995841
  },
  {
    "lat": -26.479216,
    "lng": -51.995791
  },
  {
    "lat": -26.478882,
    "lng": -51.995756
  },
  {
    "lat": -26.478857,
    "lng": -51.995752
  },
  {
    "lat": -26.479081,
    "lng": -51.99459
  },
  {
    "lat": -26.479212,
    "lng": -51.993762
  },
  {
    "lat": -26.47773,
    "lng": -51.993535
  },
  {
    "lat": -26.477911,
    "lng": -51.992417
  },
  {
    "lat": -26.476838,
    "lng": -51.9922
  },
  {
    "lat": -26.477911,
    "lng": -51.992417
  },
  {
    "lat": -26.47773,
    "lng": -51.993535
  },
  {
    "lat": -26.479212,
    "lng": -51.993762
  },
  {
    "lat": -26.480511,
    "lng": -51.993957
  },
  {
    "lat": -26.4804,
    "lng": -51.994913
  },
  {
    "lat": -26.480244,
    "lng": -51.996079
  },
  {
    "lat": -26.480793,
    "lng": -51.996229
  },
  {
    "lat": -26.480929,
    "lng": -51.996266
  },
  {
    "lat": -26.481251,
    "lng": -51.99635
  },
  {
    "lat": -26.481306,
    "lng": -51.996365
  },
  {
    "lat": -26.481714,
    "lng": -51.996463
  },
  {
    "lat": -26.482531,
    "lng": -51.996659
  },
  {
    "lat": -26.483347,
    "lng": -51.996863
  },
  {
    "lat": -26.48411,
    "lng": -51.997052
  },
  {
    "lat": -26.484181,
    "lng": -51.997068
  },
  {
    "lat": -26.484994,
    "lng": -51.99728
  },
  {
    "lat": -26.48523,
    "lng": -51.99734
  },
  {
    "lat": -26.48609,
    "lng": -51.99754
  },
  {
    "lat": -26.487193,
    "lng": -51.997804
  },
  {
    "lat": -26.487791,
    "lng": -51.997936
  },
  {
    "lat": -26.488206,
    "lng": -51.998048
  },
  {
    "lat": -26.48852,
    "lng": -51.998119
  },
  {
    "lat": -26.489248,
    "lng": -51.998285
  },
  {
    "lat": -26.489463,
    "lng": -51.998333
  },
  {
    "lat": -26.489601,
    "lng": -51.998365
  },
  {
    "lat": -26.489731,
    "lng": -51.998394
  },
  {
    "lat": -26.489859,
    "lng": -51.998424
  },
  {
    "lat": -26.490376,
    "lng": -51.998522
  },
  {
    "lat": -26.491404,
    "lng": -51.998777
  },
  {
    "lat": -26.491867,
    "lng": -51.998875
  },
  {
    "lat": -26.491404,
    "lng": -51.998777
  },
  {
    "lat": -26.490376,
    "lng": -51.998522
  },
  {
    "lat": -26.489859,
    "lng": -51.998424
  },
  {
    "lat": -26.489731,
    "lng": -51.998394
  },
  {
    "lat": -26.489601,
    "lng": -51.998365
  },
  {
    "lat": -26.489463,
    "lng": -51.998333
  },
  {
    "lat": -26.489248,
    "lng": -51.998285
  },
  {
    "lat": -26.48852,
    "lng": -51.998119
  },
  {
    "lat": -26.488206,
    "lng": -51.998048
  },
  {
    "lat": -26.487791,
    "lng": -51.997936
  },
  {
    "lat": -26.487193,
    "lng": -51.997804
  },
  {
    "lat": -26.48609,
    "lng": -51.99754
  },
  {
    "lat": -26.48523,
    "lng": -51.99734
  },
  {
    "lat": -26.484994,
    "lng": -51.99728
  },
  {
    "lat": -26.484181,
    "lng": -51.997068
  },
  {
    "lat": -26.48411,
    "lng": -51.997052
  },
  {
    "lat": -26.483347,
    "lng": -51.996863
  },
  {
    "lat": -26.482531,
    "lng": -51.996659
  },
  {
    "lat": -26.481714,
    "lng": -51.996463
  },
  {
    "lat": -26.481306,
    "lng": -51.996365
  },
  {
    "lat": -26.481251,
    "lng": -51.99635
  },
  {
    "lat": -26.480929,
    "lng": -51.996266
  },
  {
    "lat": -26.480793,
    "lng": -51.996229
  },
  {
    "lat": -26.480244,
    "lng": -51.996079
  },
  {
    "lat": -26.479388,
    "lng": -51.995841
  },
  {
    "lat": -26.479216,
    "lng": -51.995791
  },
  {
    "lat": -26.478882,
    "lng": -51.995756
  },
  {
    "lat": -26.478857,
    "lng": -51.995752
  },
  {
    "lat": -26.479081,
    "lng": -51.99459
  },
  {
    "lat": -26.479212,
    "lng": -51.993762
  },
  {
    "lat": -26.47773,
    "lng": -51.993535
  },
  {
    "lat": -26.477911,
    "lng": -51.992417
  },
  {
    "lat": -26.476838,
    "lng": -51.9922
  },
  {
    "lat": -26.477911,
    "lng": -51.992417
  },
  {
    "lat": -26.47773,
    "lng": -51.993535
  },
  {
    "lat": -26.479212,
    "lng": -51.993762
  },
  {
    "lat": -26.480511,
    "lng": -51.993957
  },
  {
    "lat": -26.4804,
    "lng": -51.994913
  },
  {
    "lat": -26.480244,
    "lng": -51.996079
  },
  {
    "lat": -26.480793,
    "lng": -51.996229
  },
  {
    "lat": -26.480929,
    "lng": -51.996266
  },
  {
    "lat": -26.481251,
    "lng": -51.99635
  },
  {
    "lat": -26.481306,
    "lng": -51.996365
  },
  {
    "lat": -26.481714,
    "lng": -51.996463
  },
  {
    "lat": -26.482531,
    "lng": -51.996659
  },
  {
    "lat": -26.483347,
    "lng": -51.996863
  },
  {
    "lat": -26.48411,
    "lng": -51.997052
  },
  {
    "lat": -26.484181,
    "lng": -51.997068
  },
  {
    "lat": -26.484994,
    "lng": -51.99728
  },
  {
    "lat": -26.48523,
    "lng": -51.99734
  },
  {
    "lat": -26.48609,
    "lng": -51.99754
  },
  {
    "lat": -26.487193,
    "lng": -51.997804
  },
  {
    "lat": -26.487791,
    "lng": -51.997936
  },
  {
    "lat": -26.488206,
    "lng": -51.998048
  },
  {
    "lat": -26.48852,
    "lng": -51.998119
  },
  {
    "lat": -26.489248,
    "lng": -51.998285
  },
  {
    "lat": -26.489463,
    "lng": -51.998333
  },
  {
    "lat": -26.489601,
    "lng": -51.998365
  },
  {
    "lat": -26.489731,
    "lng": -51.998394
  },
  {
    "lat": -26.489859,
    "lng": -51.998424
  },
  {
    "lat": -26.490376,
    "lng": -51.998522
  },
  {
    "lat": -26.491404,
    "lng": -51.998777
  },
  {
    "lat": -26.491867,
    "lng": -51.998875
  },
  {
    "lat": -26.491404,
    "lng": -51.998777
  },
  {
    "lat": -26.490376,
    "lng": -51.998522
  },
  {
    "lat": -26.489859,
    "lng": -51.998424
  },
  {
    "lat": -26.489731,
    "lng": -51.998394
  },
  {
    "lat": -26.489601,
    "lng": -51.998365
  },
  {
    "lat": -26.489463,
    "lng": -51.998333
  },
  {
    "lat": -26.489248,
    "lng": -51.998285
  },
  {
    "lat": -26.48852,
    "lng": -51.998119
  },
  {
    "lat": -26.488206,
    "lng": -51.998048
  },
  {
    "lat": -26.487791,
    "lng": -51.997936
  },
  {
    "lat": -26.487193,
    "lng": -51.997804
  },
  {
    "lat": -26.48609,
    "lng": -51.99754
  },
  {
    "lat": -26.48523,
    "lng": -51.99734
  },
  {
    "lat": -26.484994,
    "lng": -51.99728
  },
  {
    "lat": -26.484181,
    "lng": -51.997068
  },
  {
    "lat": -26.48411,
    "lng": -51.997052
  },
  {
    "lat": -26.483347,
    "lng": -51.996863
  },
  {
    "lat": -26.482531,
    "lng": -51.996659
  },
  {
    "lat": -26.481714,
    "lng": -51.996463
  },
  {
    "lat": -26.481306,
    "lng": -51.996365
  },
  {
    "lat": -26.481251,
    "lng": -51.99635
  },
  {
    "lat": -26.480929,
    "lng": -51.996266
  },
  {
    "lat": -26.480793,
    "lng": -51.996229
  },
  {
    "lat": -26.480244,
    "lng": -51.996079
  },
  {
    "lat": -26.479388,
    "lng": -51.995841
  },
  {
    "lat": -26.479216,
    "lng": -51.995791
  },
  {
    "lat": -26.478882,
    "lng": -51.995756
  },
  {
    "lat": -26.478857,
    "lng": -51.995752
  },
  {
    "lat": -26.479081,
    "lng": -51.99459
  },
  {
    "lat": -26.479212,
    "lng": -51.993762
  },
  {
    "lat": -26.47773,
    "lng": -51.993535
  },
  {
    "lat": -26.477911,
    "lng": -51.992417
  },
  {
    "lat": -26.476838,
    "lng": -51.9922
  },
  {
    "lat": -26.477911,
    "lng": -51.992417
  },
  {
    "lat": -26.47773,
    "lng": -51.993535
  },
  {
    "lat": -26.479212,
    "lng": -51.993762
  },
  {
    "lat": -26.480511,
    "lng": -51.993957
  },
  {
    "lat": -26.4804,
    "lng": -51.994913
  },
  {
    "lat": -26.480244,
    "lng": -51.996079
  },
  {
    "lat": -26.480793,
    "lng": -51.996229
  },
  {
    "lat": -26.480929,
    "lng": -51.996266
  },
  {
    "lat": -26.481251,
    "lng": -51.99635
  },
  {
    "lat": -26.481306,
    "lng": -51.996365
  },
  {
    "lat": -26.481714,
    "lng": -51.996463
  },
  {
    "lat": -26.482531,
    "lng": -51.996659
  },
  {
    "lat": -26.483347,
    "lng": -51.996863
  },
  {
    "lat": -26.48411,
    "lng": -51.997052
  },
  {
    "lat": -26.484181,
    "lng": -51.997068
  },
  {
    "lat": -26.484994,
    "lng": -51.99728
  },
  {
    "lat": -26.48523,
    "lng": -51.99734
  },
  {
    "lat": -26.48609,
    "lng": -51.99754
  },
  {
    "lat": -26.487193,
    "lng": -51.997804
  },
  {
    "lat": -26.487791,
    "lng": -51.997936
  },
  {
    "lat": -26.488206,
    "lng": -51.998048
  },
  {
    "lat": -26.48852,
    "lng": -51.998119
  },
  {
    "lat": -26.489248,
    "lng": -51.998285
  },
  {
    "lat": -26.489463,
    "lng": -51.998333
  },
  {
    "lat": -26.489601,
    "lng": -51.998365
  },
  {
    "lat": -26.489731,
    "lng": -51.998394
  },
  {
    "lat": -26.489859,
    "lng": -51.998424
  },
  {
    "lat": -26.490376,
    "lng": -51.998522
  },
  {
    "lat": -26.491404,
    "lng": -51.998777
  },
  {
    "lat": -26.491867,
    "lng": -51.998875
  },
  {
    "lat": -26.491404,
    "lng": -51.998777
  },
  {
    "lat": -26.490376,
    "lng": -51.998522
  },
  {
    "lat": -26.489859,
    "lng": -51.998424
  },
  {
    "lat": -26.489731,
    "lng": -51.998394
  },
  {
    "lat": -26.489601,
    "lng": -51.998365
  },
  {
    "lat": -26.489463,
    "lng": -51.998333
  },
  {
    "lat": -26.489248,
    "lng": -51.998285
  },
  {
    "lat": -26.48852,
    "lng": -51.998119
  },
  {
    "lat": -26.488206,
    "lng": -51.998048
  },
  {
    "lat": -26.487791,
    "lng": -51.997936
  },
  {
    "lat": -26.487193,
    "lng": -51.997804
  },
  {
    "lat": -26.48609,
    "lng": -51.99754
  },
  {
    "lat": -26.48523,
    "lng": -51.99734
  },
  {
    "lat": -26.484994,
    "lng": -51.99728
  },
  {
    "lat": -26.484181,
    "lng": -51.997068
  },
  {
    "lat": -26.48411,
    "lng": -51.997052
  },
  {
    "lat": -26.483347,
    "lng": -51.996863
  },
  {
    "lat": -26.482531,
    "lng": -51.996659
  },
  {
    "lat": -26.481714,
    "lng": -51.996463
  },
  {
    "lat": -26.481306,
    "lng": -51.996365
  },
  {
    "lat": -26.481251,
    "lng": -51.99635
  },
  {
    "lat": -26.480929,
    "lng": -51.996266
  },
  {
    "lat": -26.480793,
    "lng": -51.996229
  },
  {
    "lat": -26.480244,
    "lng": -51.996079
  },
  {
    "lat": -26.479388,
    "lng": -51.995841
  },
  {
    "lat": -26.479216,
    "lng": -51.995791
  },
  {
    "lat": -26.478882,
    "lng": -51.995756
  },
  {
    "lat": -26.478857,
    "lng": -51.995752
  },
  {
    "lat": -26.479081,
    "lng": -51.99459
  },
  {
    "lat": -26.479212,
    "lng": -51.993762
  },
  {
    "lat": -26.47773,
    "lng": -51.993535
  },
  {
    "lat": -26.477911,
    "lng": -51.992417
  },
  {
    "lat": -26.476838,
    "lng": -51.9922
  },
  {
    "lat": -26.477911,
    "lng": -51.992417
  },
  {
    "lat": -26.47773,
    "lng": -51.993535
  },
  {
    "lat": -26.479212,
    "lng": -51.993762
  },
  {
    "lat": -26.480511,
    "lng": -51.993957
  },
  {
    "lat": -26.4804,
    "lng": -51.994913
  },
  {
    "lat": -26.480244,
    "lng": -51.996079
  },
  {
    "lat": -26.480793,
    "lng": -51.996229
  },
  {
    "lat": -26.480929,
    "lng": -51.996266
  },
  {
    "lat": -26.481251,
    "lng": -51.99635
  },
  {
    "lat": -26.481306,
    "lng": -51.996365
  },
  {
    "lat": -26.481714,
    "lng": -51.996463
  },
  {
    "lat": -26.482531,
    "lng": -51.996659
  },
  {
    "lat": -26.483347,
    "lng": -51.996863
  },
  {
    "lat": -26.48411,
    "lng": -51.997052
  },
  {
    "lat": -26.484181,
    "lng": -51.997068
  },
  {
    "lat": -26.484994,
    "lng": -51.99728
  },
  {
    "lat": -26.48523,
    "lng": -51.99734
  },
  {
    "lat": -26.48609,
    "lng": -51.99754
  },
  {
    "lat": -26.487193,
    "lng": -51.997804
  },
  {
    "lat": -26.487791,
    "lng": -51.997936
  },
  {
    "lat": -26.488206,
    "lng": -51.998048
  },
  {
    "lat": -26.48852,
    "lng": -51.998119
  },
  {
    "lat": -26.489248,
    "lng": -51.998285
  },
  {
    "lat": -26.489463,
    "lng": -51.998333
  },
  {
    "lat": -26.489601,
    "lng": -51.998365
  },
  {
    "lat": -26.489731,
    "lng": -51.998394
  },
  {
    "lat": -26.489859,
    "lng": -51.998424
  },
  {
    "lat": -26.490376,
    "lng": -51.998522
  },
  {
    "lat": -26.491404,
    "lng": -51.998777
  },
  {
    "lat": -26.491867,
    "lng": -51.998875
  },
  {
    "lat": -26.491404,
    "lng": -51.998777
  },
  {
    "lat": -26.490376,
    "lng": -51.998522
  },
  {
    "lat": -26.489859,
    "lng": -51.998424
  },
  {
    "lat": -26.489731,
    "lng": -51.998394
  },
  {
    "lat": -26.489601,
    "lng": -51.998365
  },
  {
    "lat": -26.489463,
    "lng": -51.998333
  },
  {
    "lat": -26.489248,
    "lng": -51.998285
  },
  {
    "lat": -26.48852,
    "lng": -51.998119
  },
  {
    "lat": -26.488206,
    "lng": -51.998048
  },
  {
    "lat": -26.487791,
    "lng": -51.997936
  },
  {
    "lat": -26.487193,
    "lng": -51.997804
  },
  {
    "lat": -26.48609,
    "lng": -51.99754
  },
  {
    "lat": -26.48523,
    "lng": -51.99734
  },
  {
    "lat": -26.484994,
    "lng": -51.99728
  },
  {
    "lat": -26.484181,
    "lng": -51.997068
  },
  {
    "lat": -26.48411,
    "lng": -51.997052
  },
  {
    "lat": -26.483347,
    "lng": -51.996863
  },
  {
    "lat": -26.482531,
    "lng": -51.996659
  },
  {
    "lat": -26.481714,
    "lng": -51.996463
  },
  {
    "lat": -26.481306,
    "lng": -51.996365
  },
  {
    "lat": -26.481251,
    "lng": -51.99635
  },
  {
    "lat": -26.480929,
    "lng": -51.996266
  },
  {
    "lat": -26.480793,
    "lng": -51.996229
  },
  {
    "lat": -26.480244,
    "lng": -51.996079
  },
  {
    "lat": -26.479388,
    "lng": -51.995841
  },
  {
    "lat": -26.479216,
    "lng": -51.995791
  },
  {
    "lat": -26.478882,
    "lng": -51.995756
  },
  {
    "lat": -26.478857,
    "lng": -51.995752
  },
  {
    "lat": -26.479081,
    "lng": -51.99459
  },
  {
    "lat": -26.479212,
    "lng": -51.993762
  },
  {
    "lat": -26.47773,
    "lng": -51.993535
  },
  {
    "lat": -26.477911,
    "lng": -51.992417
  },
  {
    "lat": -26.476838,
    "lng": -51.9922
  },
  {
    "lat": -26.477911,
    "lng": -51.992417
  },
  {
    "lat": -26.47773,
    "lng": -51.993535
  },
  {
    "lat": -26.479212,
    "lng": -51.993762
  },
  {
    "lat": -26.480511,
    "lng": -51.993957
  },
  {
    "lat": -26.4804,
    "lng": -51.994913
  },
  {
    "lat": -26.480244,
    "lng": -51.996079
  },
  {
    "lat": -26.480793,
    "lng": -51.996229
  },
  {
    "lat": -26.480929,
    "lng": -51.996266
  },
  {
    "lat": -26.481251,
    "lng": -51.99635
  },
  {
    "lat": -26.481306,
    "lng": -51.996365
  },
  {
    "lat": -26.481714,
    "lng": -51.996463
  },
  {
    "lat": -26.482531,
    "lng": -51.996659
  },
  {
    "lat": -26.483347,
    "lng": -51.996863
  },
  {
    "lat": -26.48411,
    "lng": -51.997052
  },
  {
    "lat": -26.484181,
    "lng": -51.997068
  },
  {
    "lat": -26.484994,
    "lng": -51.99728
  },
  {
    "lat": -26.48523,
    "lng": -51.99734
  },
  {
    "lat": -26.48609,
    "lng": -51.99754
  },
  {
    "lat": -26.487193,
    "lng": -51.997804
  },
  {
    "lat": -26.487791,
    "lng": -51.997936
  },
  {
    "lat": -26.488206,
    "lng": -51.998048
  },
  {
    "lat": -26.48852,
    "lng": -51.998119
  },
  {
    "lat": -26.489248,
    "lng": -51.998285
  },
  {
    "lat": -26.489463,
    "lng": -51.998333
  },
  {
    "lat": -26.489601,
    "lng": -51.998365
  },
  {
    "lat": -26.489731,
    "lng": -51.998394
  },
  {
    "lat": -26.489859,
    "lng": -51.998424
  },
  {
    "lat": -26.490376,
    "lng": -51.998522
  },
  {
    "lat": -26.491404,
    "lng": -51.998777
  },
  {
    "lat": -26.491867,
    "lng": -51.998875
  },
  {
    "lat": -26.491404,
    "lng": -51.998777
  },
  {
    "lat": -26.491693,
    "lng": -51.997243
  },
  {
    "lat": -26.49191,
    "lng": -51.996033
  },
  {
    "lat": -26.492146,
    "lng": -51.994734
  },
  {
    "lat": -26.492393,
    "lng": -51.993339
  },
  {
    "lat": -26.492605,
    "lng": -51.992156
  },
  {
    "lat": -26.492821,
    "lng": -51.990958
  },
  {
    "lat": -26.493034,
    "lng": -51.989777
  },
  {
    "lat": -26.49322,
    "lng": -51.988753
  },
  {
    "lat": -26.493329,
    "lng": -51.988053
  },
  {
    "lat": -26.493623,
    "lng": -51.988007
  },
  {
    "lat": -26.493938,
    "lng": -51.987927
  },
  {
    "lat": -26.494147,
    "lng": -51.987829
  },
  {
    "lat": -26.494374,
    "lng": -51.987711
  },
  {
    "lat": -26.494499,
    "lng": -51.987617
  },
  {
    "lat": -26.494703,
    "lng": -51.987382
  },
  {
    "lat": -26.494901,
    "lng": -51.987103
  },
  {
    "lat": -26.495038,
    "lng": -51.986829
  },
  {
    "lat": -26.495098,
    "lng": -51.986653
  },
  {
    "lat": -26.495276,
    "lng": -51.985987
  },
  {
    "lat": -26.49571,
    "lng": -51.986107
  },
  {
    "lat": -26.496707,
    "lng": -51.986374
  },
  {
    "lat": -26.496997,
    "lng": -51.986463
  }
]